{
    "rmse": 0.8051208941472883,
    "mae": 0.6593259187786767,
    "r2": 0.008088994316786446
}