{
    "rmse": 0.8045515167892843,
    "mae": 0.6571363723179873,
    "r2": 0.009491446967276329
}